{
  "$schema": "./node_modules/@angular/cli/lib/config/schema.json",
  "project": {
    "name": "ng2-tree"
  },
  "apps": [
    {
      "root": "src/demo",
      "outDir": "dist-demo",
      "assets": [
        "assets",
        "favicon.ico"
      ],
      "index": "index.html",
      "main": "main.ts",
      "polyfills": "polyfills.ts",
      "test": "../../test/test.ts",
      "tsconfig": "tsconfig.app.json",
      "testTsconfig": "../../test/tsconfig.spec.json",
      "prefix": "app",
      "styles": [
        "../../node_modules/alertifyjs/build/css/alertify.css",
        "../../node_modules/alertifyjs/build/css/themes/default.css",
        "../../node_modules/font-awesome/css/font-awesome.min.css",
        "../styles.css"
      ],
      "scripts": [
        "../../node_modules/alertifyjs/build/alertify.js"
      ],
      "environmentSource": "environments/environment.ts",
      "environments": {
        "dev": "environments/environment.ts",
        "prod": "environments/environment.prod.ts"
      }
    }
  ],
  "test": {
    "karma": {
      "config": "./karma.conf.js"
    }
  },
  "e2e": {
    "protractor": {
      "config": "./protractor.conf.js"
    }
  },
  "lint": [
    {
      "project": "src/demo/tsconfig.app.json"
    },
    {
      "project": "test/tsconfig.spec.json"
    },
    {
      "project": "e2e/tsconfig.e2e.json"
    }
  ],
  "defaults": {
    "styleExt": "css",
    "component": {}
  }
}
